Age,JobLevel,TotalWorkingYears,YearsAtCompany,MonthlyIncome,JobSatisfaction,Attrition_encoded
41,2,8,6,5993,4,1
49,2,10,10,5130,2,0
37,1,7,0,2090,3,1
33,1,8,8,2909,3,0
27,1,6,2,3468,2,0
32,1,8,7,3068,4,0
59,1,12,1,2670,1,0
30,1,1,1,2693,3,0
38,3,10,9,9526,3,0
36,2,17,7,5237,3,0
35,1,6,5,2426,2,0
29,2,10,9,4193,3,0
31,1,5,5,2911,3,0
34,1,3,2,2661,4,0
28,1,6,4,2028,3,1
29,3,10,10,9980,1,0
32,1,7,6,3298,2,0
22,1,1,1,2935,4,0
53,4,31,25,15427,4,0
38,1,6,3,3944,4,0
24,2,5,4,4011,3,0
36,1,10,5,3407,1,1
34,3,13,12,11994,2,0
21,1,0,0,1232,4,0
34,1,8,4,2960,1,1
53,5,26,14,19094,3,0
32,1,10,10,3919,1,1
42,2,10,9,6825,2,0
44,3,24,22,10248,4,0
46,5,22,2,18947,1,0
33,1,7,1,2496,4,0
44,2,9,4,6465,4,0
30,1,10,10,2206,3,0
39,2,19,1,2086,4,1
24,1,6,2,2293,4,1
43,1,6,5,2645,3,0
50,1,3,3,2683,3,1
35,1,2,2,2014,4,0
36,1,6,1,3419,1,0
33,2,10,5,5376,1,0
35,1,1,1,1951,4,0
27,1,1,1,2341,1,0
26,1,1,1,2293,3,1
27,3,9,9,8726,3,0
30,2,12,12,4011,4,0
41,5,23,22,19545,3,1
34,2,10,9,4568,3,0
37,1,8,1,3022,2,0
46,2,14,9,5772,4,0
35,1,1,1,2269,4,0
48,3,23,1,5381,3,1
28,1,2,2,3441,3,1
44,2,9,4,5454,1,0
35,3,10,4,9884,1,0
26,2,5,2,4157,4,0
33,3,15,15,13458,4,0
35,3,9,9,9069,1,0
35,1,4,2,4014,1,0
31,2,10,7,5915,4,0
37,2,7,7,5993,3,0
32,2,9,9,6162,4,0
38,2,10,10,2406,4,0
50,5,29,27,18740,3,0
59,3,28,21,7637,1,0
36,3,17,17,10096,3,0
55,4,21,5,14756,3,0
36,2,6,6,6499,2,0
45,3,25,1,9724,1,0
35,1,5,3,2194,1,0
36,1,2,1,3388,3,1
59,2,20,4,5473,3,0
29,1,6,5,2703,2,0
31,1,1,1,2501,2,0
32,2,10,10,6220,2,0
36,1,5,1,3038,4,0
31,2,11,11,4424,4,0
35,2,16,15,4312,1,0
45,3,17,0,13245,1,0
37,3,16,5,13664,3,0
46,2,16,4,5021,2,0
30,2,10,10,5126,4,0
35,1,6,6,2859,3,0
55,3,24,1,10239,4,0
38,2,17,13,5329,4,0
34,2,5,5,4325,2,0
56,3,37,6,7260,4,0
23,1,3,0,2322,1,0
51,1,10,4,2075,4,0
30,2,11,11,4152,4,0
46,3,9,9,9619,4,1
40,4,22,22,13503,2,0
51,2,11,10,5441,4,0
30,2,11,11,5209,2,0
46,3,21,10,10673,1,0
32,2,12,11,5010,3,0
54,3,16,4,13549,3,0
24,2,4,3,4999,3,0
28,2,5,5,4221,3,0
58,4,38,37,13872,3,0
44,2,17,3,2042,2,0
37,1,7,3,2073,1,1
32,1,1,1,2956,1,0
20,1,1,1,2926,4,1
34,2,16,16,4809,3,0
37,2,17,1,5163,4,0
59,5,30,3,18844,4,0
50,5,28,8,18172,2,0
25,2,6,6,5744,3,1
25,1,2,2,2889,4,0
22,1,1,0,2871,4,0
51,3,23,13,7484,1,0
34,2,9,9,6074,3,1
54,4,23,5,17328,4,0
24,1,6,5,2774,3,0
34,2,12,1,4505,2,0
37,3,12,5,7428,4,0
34,3,14,11,11631,1,0
36,3,10,9,9738,4,0
36,1,7,1,2835,4,0
43,4,25,25,16959,4,0
30,1,10,10,2613,3,0
33,2,8,7,6146,2,0
56,1,7,5,4963,2,1
51,5,23,20,19537,3,0
31,2,12,7,6172,3,1
26,1,5,5,2368,2,0
58,3,40,40,10312,4,1
19,1,0,0,1675,3,1
22,1,3,2,2523,4,0
49,2,16,15,6567,1,0
43,1,18,3,4739,3,0
50,3,16,2,9208,4,0
31,2,4,2,4559,3,1
41,3,12,9,8189,3,0
26,1,8,8,2942,3,0
36,2,7,3,4941,2,0
51,3,18,4,10650,4,1
39,2,17,15,5902,3,0
25,2,6,2,8639,3,0
30,2,12,11,6347,4,0
32,1,10,5,4200,1,1
45,1,9,6,3452,4,0
38,2,19,3,4317,3,0
30,1,5,5,2632,3,0
32,2,9,8,4668,4,0
30,1,8,3,3204,1,0
30,1,6,5,2720,4,0
41,4,21,7,17181,1,0
41,1,7,5,2238,1,0
19,1,1,1,1483,2,0
40,2,20,20,5605,2,0
35,3,10,10,7295,2,0
53,2,13,7,2306,3,0
45,2,20,17,2348,2,0
32,3,9,9,8998,4,0
29,2,10,10,4319,3,0
51,2,10,1,6132,3,0
58,1,9,1,3346,2,0
40,3,15,12,10855,4,0
34,1,6,4,2231,3,0
22,1,2,2,2323,4,0
27,1,6,2,2024,2,0
28,1,5,5,2713,4,0
57,3,12,5,9439,4,0
27,1,1,1,2566,3,0
50,5,21,5,19926,2,0
41,1,13,9,2451,3,0
30,3,12,10,9419,4,0
38,2,12,8,8686,4,0
32,1,8,5,3038,3,0
27,1,6,5,3058,2,0
19,1,1,0,2325,1,1
36,1,13,8,2088,2,0
30,2,12,12,3072,1,0
45,2,9,5,5006,1,0
56,1,19,2,4257,1,0
33,1,4,3,2500,4,0
19,1,1,1,1102,4,1
46,3,24,24,10453,1,0
38,1,2,2,2288,4,0
31,1,7,4,3929,4,0
34,1,9,3,2311,2,0
41,1,4,4,3140,2,1
50,1,5,3,3690,3,0
53,2,5,4,4450,1,0
33,1,8,8,2756,2,0
40,5,21,20,19033,3,0
55,5,36,24,18722,2,0
34,2,10,10,9547,3,0
51,4,21,7,13734,2,0
52,5,34,33,19999,3,0
27,1,7,7,2279,2,0
35,2,8,1,5916,3,1
43,1,7,5,2089,4,0
45,4,22,20,16792,4,0
37,1,8,8,3564,1,0
35,2,10,6,4425,2,0
42,2,11,5,5265,3,0
38,2,14,1,6553,3,0
38,2,9,7,6261,4,0
27,2,6,2,4298,1,0
49,2,7,7,6804,4,0
34,1,5,5,3815,3,0
40,2,15,7,2741,4,0
38,2,17,1,6673,1,1
29,3,10,10,7639,4,1
22,1,4,4,2328,2,0
36,1,8,8,2153,4,0
40,2,5,3,4876,4,0
46,3,17,4,9396,1,0
32,3,14,14,10400,4,1
30,3,12,11,8474,3,0
27,2,7,7,9981,3,0
51,3,16,10,12490,2,0
30,1,8,5,2657,1,1
41,3,16,1,13591,4,0
30,2,9,6,6696,1,1
29,1,7,6,2058,3,1
45,3,23,19,8865,4,0
54,2,16,6,5940,1,0
36,2,16,13,5914,2,0
33,1,7,3,2622,2,0
37,3,10,10,12185,4,0
38,3,17,16,10609,3,0
31,2,6,5,4345,3,0
59,1,7,1,2177,4,0
37,1,13,9,2793,4,0
29,3,11,11,7918,4,0
35,3,10,10,8789,3,0
29,1,4,4,2389,4,1
52,1,6,2,3212,4,0
42,5,22,22,19232,4,0
59,1,7,2,2267,3,0
50,5,32,7,19517,4,0
33,1,8,5,2436,4,1
43,4,22,17,16064,4,0
33,1,13,9,2707,1,1
52,5,33,33,19068,3,0
32,1,6,4,3931,2,0
32,1,4,3,3730,3,1
39,1,7,3,2232,3,0
32,2,4,3,4465,4,0
41,2,17,1,3072,1,0
40,2,9,9,3319,4,0
45,5,25,24,19202,4,0
31,3,9,2,13675,3,0
33,1,2,2,2911,4,0
34,2,13,11,5957,1,0
37,1,17,3,3920,1,0
45,2,9,3,6434,3,0
37,3,17,1,10048,3,1
39,3,20,19,10938,3,0
29,1,6,6,2340,4,0
42,2,10,3,6545,1,0
29,2,10,3,6931,4,0
25,2,5,4,4898,3,0
42,1,10,9,2593,1,0
40,5,22,21,19436,3,0
51,1,1,1,2723,4,0
31,1,6,5,3479,2,1
32,1,5,5,2794,2,0
38,2,13,8,5249,4,0
32,2,9,6,2176,1,0
46,4,28,7,16872,2,0
28,1,5,0,3485,3,1
29,2,10,0,6644,2,0
31,2,10,9,5582,4,0
25,2,6,6,4000,1,0
45,4,21,20,13496,4,0
36,1,16,15,3210,4,0
55,5,37,36,19045,1,0
47,3,10,10,11849,2,1
28,1,5,5,2070,4,0
37,2,7,5,6502,4,0
21,1,3,3,3230,3,0
37,3,15,5,13603,4,0
35,3,10,7,11996,2,0
38,2,8,8,5605,1,0
26,2,6,6,6397,2,0
50,5,28,10,19144,2,0
53,4,21,5,17584,3,0
42,2,20,20,4907,3,0
29,2,10,10,4554,4,0
55,2,12,10,5415,4,0
26,2,5,5,4741,1,0
37,1,17,17,2115,4,0
44,1,19,1,3161,3,1
38,2,10,2,5745,4,0
26,1,5,3,2373,2,1
28,1,5,5,3310,4,0
49,5,22,3,18665,1,0
36,2,10,8,4485,2,0
31,1,2,2,2789,2,0
26,2,8,8,5828,4,1
37,1,4,4,2326,4,0
42,4,23,20,13525,2,0
18,1,0,0,1420,3,1
35,3,12,11,8020,2,0
36,1,4,1,3688,4,0
51,2,13,4,5482,2,0
41,4,22,22,16015,2,0
18,1,0,0,1200,3,0
28,2,9,8,5661,1,0
31,2,10,8,6929,4,0
39,3,19,18,9613,4,0
36,2,11,9,5674,2,0
32,2,13,13,5484,3,0
38,3,19,10,12061,2,0
58,2,12,5,5660,3,0
31,1,6,5,4821,4,0
31,2,9,2,6410,1,0
45,3,24,24,5210,1,0
31,1,3,2,2695,4,0
33,3,12,10,11878,2,0
39,4,21,21,17068,1,0
43,1,9,8,2455,4,0
49,4,25,7,13964,3,0
52,2,11,8,4941,2,1
27,1,4,4,2478,2,0
32,2,13,13,5228,2,0
27,2,5,5,4478,3,0
31,2,13,7,7547,4,0
32,2,10,7,5055,4,0
28,1,5,3,3464,4,1
30,2,11,10,5775,4,0
31,3,10,10,8943,3,0
39,5,21,21,19272,4,0
39,2,12,1,5238,3,1
33,2,9,7,4682,4,0
47,5,21,3,18300,3,0
43,2,9,9,5257,3,0
27,2,6,5,6349,2,0
54,2,20,4,4869,3,0
43,3,10,1,9985,1,0
45,2,12,10,3697,4,0
40,2,6,4,7457,4,0
29,1,7,7,2119,1,1
29,1,4,3,3983,4,0
30,2,10,10,6118,3,0
27,2,8,8,6214,2,0
37,2,8,6,6347,4,0
38,3,12,11,11510,4,0
31,3,11,11,7143,4,0
29,2,7,7,8268,2,0
35,3,17,16,8095,2,0
23,1,4,4,2904,4,0
41,2,8,5,6032,2,0
47,2,5,0,2976,3,0
42,4,16,1,15992,4,0
29,2,4,4,4649,3,0
42,1,4,3,2696,3,0
32,1,8,8,2370,2,0
48,3,15,0,12504,3,0
37,2,13,7,5974,1,0
30,2,4,2,4736,3,0
26,2,8,8,5296,3,0
42,2,14,1,6781,4,0
21,1,3,3,2174,2,1
36,2,7,1,6653,4,0
36,3,16,13,9699,4,0
57,2,15,3,6755,3,0
40,1,10,7,2213,3,0
21,1,3,3,2610,4,0
33,1,1,1,2851,3,1
37,1,17,5,3452,1,0
46,2,7,1,5258,3,0
41,2,8,8,9355,2,1
50,3,20,4,10496,4,0
40,2,8,6,6380,3,1
31,1,3,2,2657,2,0
21,1,1,1,2716,2,1
29,1,6,3,2201,4,0
35,2,10,1,6540,2,0
27,1,5,5,3816,2,0
28,2,7,7,5253,4,0
49,3,26,5,10965,3,0
51,2,18,7,4936,4,0
36,1,6,2,2543,3,0
34,2,9,5,5304,4,1
55,4,30,5,16659,4,0
24,2,5,5,4260,3,0
30,1,1,1,2476,2,0
26,1,7,6,3102,1,1
22,1,2,2,2244,2,0
36,3,10,10,7596,3,0
30,1,3,1,2285,4,1
37,1,18,18,3034,1,0
40,2,8,5,5715,2,0
42,1,8,5,2576,1,0
37,2,18,1,4197,2,0
43,4,25,25,14336,2,0
40,2,20,1,3448,3,0
54,5,24,4,19406,1,0
34,2,6,3,6538,3,0
31,2,13,13,4306,1,0
43,1,8,3,2258,4,0
43,2,8,5,4522,3,0
25,2,5,5,4487,4,0
37,2,15,13,4449,3,0
31,1,4,4,2218,1,0
39,5,21,21,19197,3,0
56,4,36,7,13212,1,0
30,2,6,5,6577,3,0
41,3,10,10,8392,1,0
28,2,10,10,4558,1,0
25,1,6,2,4031,1,1
52,3,28,5,7969,3,0
45,1,8,2,2654,4,0
52,4,31,5,16555,4,0
42,2,19,5,4556,3,0
30,2,11,5,6091,4,0
60,5,33,29,19566,1,0
46,2,19,10,4810,3,0
42,2,7,6,4523,4,0
24,1,6,5,3202,2,1
34,1,3,2,2351,3,1
38,1,1,1,1702,4,0
40,5,21,20,18041,3,0
26,1,3,3,2886,4,0
30,1,9,5,2097,4,0
29,3,10,10,11935,3,0
29,1,6,2,2546,2,1
19,1,1,1,2564,4,1
30,3,10,9,8412,1,0
57,4,32,1,14118,4,0
50,4,28,27,17046,3,0
30,1,12,11,2564,4,0
60,3,22,18,10266,1,0
47,2,20,5,5070,4,0
46,4,26,3,17861,3,0
35,1,6,5,4230,3,0
54,2,19,1,3780,3,0
34,1,14,7,2768,3,0
46,3,15,3,9071,4,0
31,3,13,13,10648,2,0
33,3,15,7,13610,3,1
33,1,8,4,3408,4,1
30,1,4,3,2983,2,0
35,3,10,8,7632,3,0
31,3,12,1,9824,3,1
34,3,11,3,9950,1,1
42,1,8,2,2093,3,0
36,3,10,10,9980,4,0
22,1,4,2,3894,3,1
48,2,14,9,4051,4,0
55,4,37,10,16835,2,0
41,2,16,14,6230,4,0
35,2,15,11,4717,3,0
40,4,22,20,13237,3,0
39,1,8,8,3755,3,0
31,2,10,6,6582,4,0
42,3,10,10,7406,1,0
45,2,9,8,4805,2,0
26,1,8,7,2741,3,1
29,2,8,3,4262,4,0
33,4,10,6,16184,3,0
31,3,10,5,11557,4,0
18,1,0,0,1878,2,1
40,3,20,1,10932,1,0
41,2,10,8,6811,3,0
26,2,8,0,4306,3,0
35,2,5,5,4859,3,0
34,2,10,10,5337,4,0
26,1,1,1,2340,4,1
37,3,12,6,7491,4,0
46,3,28,2,10527,3,0
41,4,22,18,16595,1,0
37,3,9,9,8834,2,0
52,2,18,10,5577,1,0
32,2,6,4,4707,3,1
24,1,3,2,2400,4,0
38,2,18,1,9824,3,0
37,2,8,6,6447,2,0
49,5,31,31,19502,3,0
24,1,6,6,2725,4,0
26,2,6,5,6272,2,0
24,1,1,1,2127,2,0
50,5,32,32,18200,2,0
25,1,7,7,2096,3,0
24,1,6,6,2886,3,1
30,1,1,1,2033,1,1
34,1,6,6,3622,4,0
31,2,9,3,4233,1,1
35,2,9,3,3681,4,0
31,2,13,7,5460,4,0
27,1,6,5,2187,3,0
37,2,17,3,9602,3,0
20,1,1,1,2836,2,0
42,2,10,10,4089,4,0
43,4,21,1,16627,4,0
38,1,8,0,2619,1,0
43,2,10,8,5679,3,0
48,4,21,3,15402,1,0
44,2,10,2,5985,3,0
34,1,8,8,2579,3,0
27,1,5,4,3041,1,1
21,1,3,3,3447,3,0
44,5,26,2,19513,4,0
22,1,3,2,2773,3,0
33,2,6,5,7104,3,0
32,2,6,6,6322,4,0
30,1,1,1,2083,3,0
53,2,18,14,8381,1,0
34,1,10,10,2691,4,0
45,2,5,1,4286,1,1
26,1,3,3,2659,4,0
37,3,10,10,9434,3,0
29,2,6,6,5561,3,0
35,2,17,17,6646,4,0
33,2,15,13,7725,4,0
54,3,16,9,10725,2,0
36,2,13,3,8847,2,0
27,1,5,4,2045,4,0
20,1,1,1,1009,3,1
33,1,10,10,3348,1,1
35,1,1,1,1281,3,0
23,1,5,3,2819,1,0
25,2,4,3,4851,2,0
38,2,8,7,4028,4,0
29,1,10,10,2720,4,0
48,2,12,2,8120,2,0
27,2,6,6,4647,4,0
37,1,4,1,4680,4,0
50,1,20,20,3221,3,0
34,3,9,8,8621,2,0
24,2,4,2,4577,3,1
39,2,20,20,4553,3,0
32,2,10,10,5396,4,0
50,2,18,4,6796,3,1
38,2,10,9,7625,4,0
27,3,9,9,7412,1,0
32,3,10,7,11159,4,0
47,2,20,7,4960,1,0
40,3,20,18,10475,1,0
53,4,32,5,14814,3,0
41,5,23,21,19141,4,0
60,2,10,2,5405,1,0
27,3,9,9,8793,1,0
41,5,22,22,19189,3,0
50,1,4,2,3875,2,0
28,1,10,7,2216,2,1
36,3,10,8,11713,1,0
38,3,10,1,7861,3,0
44,1,9,5,3708,3,0
47,4,28,22,13770,3,0
30,2,10,8,5304,4,0
29,1,1,1,2642,3,0
42,1,7,2,2759,3,1
43,2,7,2,6804,4,0
34,2,10,5,6142,3,0
23,1,5,4,2500,1,0
39,2,12,8,6389,2,0
56,4,30,10,11103,4,0
40,1,5,4,2342,4,0
27,2,9,7,6811,1,0
29,1,2,2,2297,2,0
53,2,19,2,2450,4,0
35,2,16,1,5093,1,0
32,2,10,10,5309,4,0
38,1,6,1,3057,3,0
34,2,7,0,5121,1,0
52,4,34,34,16856,1,0
33,1,10,10,2686,4,1
25,2,6,6,6180,4,0
45,2,9,8,6632,3,0
23,1,2,2,3505,3,0
47,2,8,5,6397,3,1
34,2,6,6,6274,4,0
55,5,24,5,19859,1,1
36,3,10,10,7587,1,0
52,1,5,4,4258,4,0
26,1,5,2,4364,4,0
29,2,11,8,4335,3,0
26,2,6,4,5326,1,1
34,1,10,4,3280,4,0
54,2,9,5,5485,1,0
27,2,5,4,4342,4,0
37,1,6,5,2782,1,0
38,2,17,15,5980,1,0
34,1,6,6,4381,1,0
35,1,3,3,2572,4,0
30,1,7,2,3833,3,0
40,2,8,8,4244,2,0
34,2,6,3,6500,1,0
42,5,24,24,18430,4,0
23,1,1,0,1601,1,1
24,1,1,1,2694,2,0
52,2,9,5,3149,3,0
50,4,30,4,17639,3,0
29,1,1,1,2319,1,1
33,3,14,13,11691,3,0
33,2,6,3,5324,1,1
47,4,26,26,16752,4,0
36,2,10,9,5228,2,0
29,1,10,10,2700,3,0
58,5,40,31,19246,2,1
35,1,7,2,2506,3,0
42,2,8,4,6062,4,0
28,1,5,2,4382,3,1
36,1,8,5,2143,2,0
32,2,14,14,6162,3,0
40,2,10,1,5094,3,0
30,2,12,0,6877,4,0
45,1,1,1,2274,3,0
42,2,10,9,4434,2,0
38,2,13,4,6288,1,0
34,1,6,5,2553,4,0
49,3,9,9,7654,4,1
55,2,12,9,5160,4,1
43,4,22,4,17159,1,0
27,3,9,9,12808,4,0
35,3,17,8,10221,3,0
28,2,8,8,4779,2,0
34,1,4,3,3737,4,0
26,1,8,8,2366,3,1
27,1,0,0,1706,4,0
51,4,29,20,16307,3,0
44,2,10,5,5933,2,0
25,1,6,4,3424,1,0
33,2,9,9,4037,1,0
35,1,6,6,2559,1,0
36,2,18,18,6201,4,0
32,2,8,5,4403,4,0
30,1,10,5,3761,4,0
53,3,35,5,10934,4,0
45,3,18,5,10761,1,0
32,2,9,5,5175,3,0
52,4,31,9,13826,4,0
37,2,9,1,6334,3,0
28,1,6,5,4936,4,0
22,2,4,2,4775,4,0
44,1,10,3,2818,4,0
42,1,8,2,2515,4,0
36,1,6,5,2342,1,0
25,2,5,5,4194,1,0
35,3,17,17,10685,3,0
35,1,10,10,2022,2,1
32,1,4,3,2314,4,0
25,2,5,5,4256,1,0
49,1,7,4,3580,1,0
24,1,6,5,3162,4,0
32,2,10,10,6524,2,0
38,1,3,2,2899,2,0
42,2,17,5,5231,4,0
31,1,8,6,2356,4,0
29,1,5,3,2800,3,1
53,4,28,2,11836,4,0
35,3,16,13,10903,2,0
37,1,10,5,2973,4,0
53,4,33,12,14275,4,0
43,2,12,5,5562,4,0
47,2,8,7,4537,4,0
37,3,10,10,7642,2,0
50,4,31,31,17924,1,0
39,2,13,5,5204,4,0
33,1,7,4,2277,2,0
32,1,1,1,2795,4,1
29,1,8,4,2532,4,0
44,1,8,8,2559,1,0
28,2,4,4,4908,4,0
58,1,3,1,2380,4,1
43,2,4,1,4765,2,0
20,1,2,2,2044,3,1
21,1,1,1,2693,4,1
36,2,17,16,6586,4,0
47,1,3,3,3294,4,0
22,2,4,3,4171,3,1
41,1,10,7,2778,4,1
28,1,6,2,2377,3,0
39,1,8,2,2404,1,1
27,1,1,1,2318,3,0
34,1,1,1,2008,2,0
42,2,10,5,6244,3,0
33,1,6,3,2799,1,0
58,3,24,6,10552,2,0
31,1,13,7,2329,3,0
35,2,10,10,4014,4,0
49,3,29,26,7403,2,0
48,1,13,0,2259,3,0
31,2,9,9,6932,3,0
36,1,8,6,4678,4,0
38,3,15,15,13582,1,0
32,1,5,3,2332,2,0
25,1,1,1,2413,2,1
40,3,11,1,9705,2,0
26,2,7,7,4294,1,0
41,1,20,18,4721,1,0
36,1,16,11,2519,3,0
19,1,1,1,2121,2,1
20,1,1,1,2973,1,1
31,2,10,9,5855,4,0
40,1,3,1,3617,2,0
32,2,8,8,6725,1,0
36,3,16,16,10325,4,1
33,2,6,5,6949,4,0
37,3,17,14,10609,3,1
45,2,9,9,4447,2,0
29,1,3,3,2157,4,0
35,2,5,5,4601,3,0
52,4,26,9,17099,4,0
58,1,7,1,2479,3,1
53,4,22,17,14852,3,0
30,3,10,8,7264,3,0
38,2,6,5,5666,4,0
35,3,12,10,7823,4,0
39,3,9,8,7880,3,0
40,4,22,1,13194,2,1
47,2,20,19,5067,3,0
36,2,12,7,5079,4,0
31,1,4,3,2321,1,1
33,4,10,10,17444,3,0
29,1,3,0,2404,1,1
33,1,5,3,3452,4,0
45,1,8,5,2270,4,0
50,4,32,5,17399,4,0
33,2,6,6,5488,2,0
41,5,21,18,19419,3,0
27,1,4,2,2811,2,0
45,2,9,9,3633,1,0
47,2,9,9,4163,4,0
30,1,7,5,2132,3,1
50,4,22,12,13973,3,0
38,1,3,2,2684,3,0
46,3,13,8,10845,3,0
24,2,5,4,4377,3,0
35,1,5,4,3743,2,1
31,2,4,4,4148,1,0
18,1,0,0,1051,4,0
54,3,22,10,10739,3,0
35,3,16,16,10388,3,0
30,3,9,8,11416,1,0
20,1,1,1,2600,1,1
30,1,4,3,2422,2,1
26,2,8,8,5472,4,0
22,1,4,4,2451,1,0
48,2,19,2,4240,3,0
48,3,27,15,10999,3,0
41,2,8,2,5003,3,0
39,4,21,21,12742,4,0
27,2,4,3,4227,4,0
35,1,3,3,3917,4,0
42,5,21,1,18303,3,0
50,1,8,1,2380,4,0
59,4,30,5,13726,4,0
37,2,15,1,4777,2,1
55,2,17,8,6385,2,0
41,5,21,21,19973,3,0
38,2,19,1,6861,4,0
26,2,7,2,4969,1,1
52,5,33,32,19845,4,1
44,4,23,12,13320,4,0
50,2,19,18,6347,3,0
36,1,18,17,2743,1,1
39,3,21,21,10880,1,0
33,1,3,2,2342,4,0
45,4,26,9,17650,4,0
32,1,10,8,4025,3,0
34,2,16,15,9725,4,0
59,3,14,6,11904,4,0
45,1,6,6,2177,2,0
53,3,30,15,7525,2,0
36,2,9,1,4834,3,1
26,1,6,3,2042,1,1
34,1,1,1,2220,3,0
28,1,1,1,1052,2,0
38,1,8,2,2821,3,0
50,5,29,8,19237,3,0
37,2,8,4,4107,2,0
40,2,8,7,8396,1,0
26,1,5,5,2007,3,0
46,5,23,2,19627,4,0
54,3,13,9,10686,3,0
56,1,18,5,2942,3,0
36,3,15,14,8858,4,0
55,4,31,9,16756,1,0
43,3,18,1,10798,4,0
20,1,2,2,2323,4,1
21,1,1,1,1416,1,1
46,2,19,16,4615,1,0
51,1,18,10,2461,3,1
28,3,10,10,8722,1,1
26,1,6,5,3955,1,0
30,2,7,6,9957,1,0
41,1,10,10,3376,3,0
38,3,20,19,8823,3,0
40,3,14,11,10322,4,0
27,1,3,3,4621,3,0
55,3,23,3,10976,2,0
28,2,10,8,3660,3,0
44,3,24,20,10482,1,1
33,3,9,3,7119,4,0
35,3,9,8,9582,1,1
33,2,14,13,4508,3,1
28,1,4,4,2207,3,0
34,2,7,6,7756,4,0
37,2,8,1,6694,4,0
25,1,7,7,3691,4,1
26,1,1,1,2377,3,1
33,1,5,2,2313,2,1
42,4,23,22,17665,1,0
28,1,1,1,2596,2,1
50,2,5,0,4728,3,1
33,2,4,3,4302,2,0
34,1,6,0,2979,4,0
48,4,27,5,16885,4,0
45,2,15,15,5593,3,0
52,3,18,8,10445,2,0
38,3,9,8,8740,3,0
29,1,11,7,2514,4,0
28,3,10,9,7655,2,0
46,4,23,12,17465,3,0
38,3,10,1,7351,2,0
43,3,18,8,10820,1,0
39,4,21,18,12169,4,1
40,5,21,20,19626,3,0
21,1,2,2,2070,2,0
39,2,9,5,6782,2,0
36,2,18,11,7779,4,0
31,1,3,2,2791,4,0
28,1,6,5,3201,2,0
35,2,5,5,4968,4,0
49,4,22,9,13120,2,0
34,2,5,3,4033,3,0
29,1,8,7,3291,2,0
42,2,16,1,4272,4,0
29,2,10,10,5056,4,0
38,1,7,7,2844,3,0
28,1,3,3,2703,3,0
18,1,0,0,1904,3,1
33,2,6,5,8224,1,1
41,1,6,1,4766,4,0
31,1,2,2,2610,3,1
37,2,9,6,5731,4,0
27,1,4,4,2539,3,0
34,2,6,6,5714,3,0
35,1,6,5,4323,3,0
29,3,11,11,7336,1,1
40,3,20,18,13499,3,0
42,4,22,21,13758,1,1
42,2,9,6,5155,1,0
35,1,10,8,2258,3,0
24,1,6,4,3597,2,0
28,1,1,1,2515,4,1
26,1,8,8,4420,4,0
30,2,10,10,6578,3,0
40,2,16,1,4422,4,0
35,3,15,7,10274,2,0
34,2,14,13,5343,1,0
35,1,2,2,2376,4,0
43,2,7,4,5346,3,1
32,1,1,1,2827,1,0
56,5,28,5,19943,1,0
29,1,10,10,3131,4,0
19,1,1,1,2552,1,0
45,1,7,3,4477,3,0
37,2,14,14,6474,4,0
20,1,2,2,3033,3,0
44,1,6,6,2936,3,1
53,5,26,7,18606,3,0
29,1,6,5,2168,4,0
22,1,1,0,2853,4,1
46,4,28,26,17048,1,0
44,1,6,0,2290,3,0
33,1,5,5,3600,3,0
41,1,5,1,2107,1,1
30,2,8,4,4115,1,0
40,2,5,0,4327,2,0
50,4,32,2,17856,1,0
28,1,6,6,3196,1,0
46,5,25,4,19081,2,0
35,2,15,7,8966,1,0
24,1,1,1,2210,2,1
33,2,10,10,4539,3,0
36,1,7,7,2741,3,0
30,2,10,10,3491,3,0
44,2,20,20,4541,4,0
20,1,2,2,2678,4,0
46,2,12,6,7379,4,0
42,2,10,4,6272,1,0
60,2,12,11,5220,4,0
32,1,2,2,2743,2,0
32,2,10,8,4998,3,0
36,3,17,7,10252,1,0
33,1,15,14,2781,4,0
40,2,7,5,6852,2,0
25,2,5,4,4950,4,0
30,1,12,11,3579,2,0
42,3,20,1,13191,1,0
35,3,16,13,10377,4,0
27,1,9,9,2235,1,0
54,3,33,5,10502,3,0
44,1,10,10,2011,4,0
19,1,1,1,1859,2,1
29,1,3,3,3760,4,0
54,4,36,10,17779,4,0
31,2,6,6,6833,1,0
31,2,10,10,6812,1,0
59,2,13,6,5171,4,0
43,5,25,8,19740,4,0
49,5,23,1,18711,3,0
36,1,12,11,3692,2,0
48,1,7,1,2559,2,0
27,1,5,5,2517,3,0
29,2,6,6,6623,4,0
48,5,25,1,18265,4,0
29,4,9,7,16124,4,0
34,1,2,1,2585,3,0
44,5,26,22,18213,2,0
33,3,10,9,8380,3,0
19,1,1,1,2994,4,0
23,1,1,1,1223,3,0
25,1,1,1,1118,4,1
26,1,8,8,2875,4,0
45,5,26,24,18824,2,1
55,4,34,33,13577,2,0
21,1,2,2,2625,3,1
46,5,26,11,18789,2,0
34,2,4,3,4538,1,0
51,5,31,29,19847,2,0
59,3,25,9,10512,4,0
34,2,15,11,4444,2,0
28,1,5,4,2154,3,0
44,5,26,25,19190,1,0
34,2,14,10,4490,2,0
35,1,4,3,3506,3,0
42,2,18,1,2372,2,0
43,3,23,21,10231,4,0
36,2,18,16,5410,2,0
44,3,10,10,7978,4,1
28,1,2,2,3867,4,0
51,1,8,7,2838,3,0
30,2,10,8,4695,3,0
29,1,10,7,3339,3,1
28,1,5,3,2080,1,0
25,1,2,2,2096,2,0
32,2,10,10,6209,4,0
45,5,22,0,18061,2,0
39,4,21,19,17123,2,0
58,1,2,2,2372,3,0
32,2,10,10,4883,3,1
39,1,6,5,3904,1,1
30,2,10,9,4627,4,0
36,3,10,7,7094,3,0
46,1,10,7,3423,1,0
28,2,10,9,6674,4,0
50,4,25,3,16880,1,0
40,3,9,5,9094,2,1
52,3,10,8,8446,2,1
30,3,9,9,11916,1,0
39,2,9,8,4534,3,0
31,3,10,10,9852,3,0
41,2,19,19,6151,2,0
31,1,3,3,2302,2,1
44,1,10,3,2362,1,1
42,4,21,20,17861,3,0
55,5,23,19,19187,3,0
56,5,36,7,19717,2,0
40,1,6,4,3544,3,0
34,3,10,9,8500,4,0
40,2,9,9,4661,4,0
41,2,10,9,4103,1,0
35,2,9,9,4249,3,0
51,4,33,33,14026,2,0
38,2,11,7,6893,1,0
34,2,10,10,6125,1,0
25,1,7,3,3669,4,0
58,3,31,10,10008,1,1
40,1,7,4,2387,2,0
36,2,17,15,4639,1,0
48,3,11,10,7898,4,0
27,1,5,1,2534,4,0
51,4,29,5,13142,2,0
18,1,0,0,1611,4,0
35,2,10,9,5363,4,0
27,2,8,6,5071,4,0
55,4,24,19,13695,3,1
56,4,33,19,13402,2,0
34,1,5,5,2029,3,0
40,2,15,12,6377,3,0
34,2,10,8,5429,3,0
31,1,3,1,2785,4,1
35,2,5,4,4614,3,1
38,1,4,4,2610,3,0
34,2,14,14,6687,4,0
28,2,5,5,4724,1,0
31,2,10,10,6179,3,1
39,2,8,5,6120,4,0
51,3,14,4,10596,2,0
41,2,12,6,5467,4,0
37,1,8,6,2996,3,0
33,2,8,5,9998,4,0
32,2,4,3,4078,2,0
39,3,13,6,10920,3,0
25,2,6,3,6232,3,0
52,4,24,5,13247,3,0
43,2,20,20,4081,3,0
27,2,6,6,5769,4,0
27,1,8,8,2394,3,1
26,1,5,4,3904,4,0
42,4,21,20,16799,1,0
52,1,12,5,2950,1,0
37,1,8,3,3629,3,0
35,3,10,2,9362,4,0
25,1,7,3,3229,4,0
26,1,8,7,3578,1,0
29,3,10,10,7988,1,0
49,2,20,4,4284,1,1
29,3,9,8,7553,4,1
54,4,29,20,17328,4,0
58,5,32,9,19701,1,0
55,4,31,7,14732,4,0
36,2,15,5,9278,2,0
31,1,1,1,1359,3,1
30,2,8,3,4779,1,0
31,4,9,3,16422,2,0
34,1,10,4,2996,1,0
31,1,1,1,1261,2,1
27,1,6,5,2099,1,0
36,2,10,10,5810,4,0
36,2,11,3,5647,1,0
47,1,17,6,3420,4,0
25,1,6,3,4400,1,1
37,1,7,6,3500,3,0
56,1,5,3,2066,1,0
47,4,26,20,17169,3,0
24,2,5,5,4162,3,0
32,2,7,4,9204,4,0
34,1,7,5,3294,2,0
41,1,7,4,2127,3,0
40,2,11,8,3975,3,0
31,3,13,13,10793,4,0
46,3,28,7,10096,4,1
39,1,11,1,3646,1,1
31,3,10,10,7446,2,1
45,3,24,7,10851,1,0
31,1,8,3,2109,2,0
31,1,7,2,3722,4,1
45,3,10,3,9380,4,0
48,2,15,2,5486,1,0
34,1,2,2,2742,3,1
40,3,16,9,13757,2,0
28,2,6,5,8463,1,0
44,1,7,5,3162,3,0
53,4,35,9,16598,2,0
49,2,20,3,6651,3,0
40,1,8,3,2345,3,0
44,1,6,5,3420,2,0
33,2,5,4,4373,1,0
34,2,15,13,4759,1,0
30,2,4,2,5301,3,0
42,1,12,12,3673,4,0
44,2,11,1,4768,3,0
30,1,1,1,1274,3,0
57,2,13,12,4900,3,0
49,3,29,8,10466,2,0
34,4,16,14,17007,1,0
28,1,5,3,2909,3,1
29,2,7,5,5765,2,1
34,2,16,15,4599,2,1
35,1,1,1,2404,3,0
24,1,4,0,3172,1,1
24,1,1,1,2033,2,0
44,3,16,2,10209,3,0
29,2,10,10,8620,3,0
30,1,6,5,2064,3,0
55,2,4,3,4035,3,0
33,1,8,5,3838,2,0
47,2,11,5,4591,3,0
28,1,8,0,2561,1,1
28,1,1,1,1563,3,0
28,2,5,4,4898,1,0
49,2,10,3,4789,1,0
29,1,4,3,3180,2,0
28,2,8,8,6549,2,0
33,2,14,0,6388,3,0
32,3,10,5,11244,4,0
54,4,26,14,16032,4,0
29,1,11,9,2362,1,1
44,4,24,20,16328,1,0
39,3,9,2,8376,2,0
46,4,23,13,16606,2,0
35,3,11,11,8606,2,0
23,2,5,4,2272,3,0
40,1,15,5,2018,1,1
34,3,10,10,7083,3,0
31,1,7,7,4084,3,1
50,4,32,32,14411,4,0
34,1,12,11,2308,3,0
42,1,4,1,4841,2,0
37,2,10,10,4285,4,0
29,2,9,7,9715,1,0
33,2,5,5,4320,2,0
45,1,8,5,2132,4,0
42,3,24,20,10124,4,0
40,2,9,8,5473,1,0
33,2,15,15,5207,3,0
40,4,21,21,16437,4,0
24,1,2,1,2296,1,0
40,2,8,2,4069,4,0
45,3,10,10,7441,2,0
35,1,6,5,2430,3,0
32,2,12,7,5878,2,0
36,1,7,3,2644,4,0
48,2,18,8,6439,3,0
29,1,5,1,2451,3,0
33,2,8,2,6392,1,0
30,2,10,10,9714,1,1
38,2,10,6,6077,3,0
35,1,3,3,2450,1,0
30,3,9,4,9250,2,0
35,1,1,1,2074,1,1
53,3,34,33,10169,4,1
38,2,7,5,4855,2,1
32,2,9,6,4087,1,0
48,1,10,8,2367,1,0
34,1,1,1,2972,4,0
55,5,36,36,19586,4,0
34,2,9,2,5484,4,0
26,1,1,1,2061,4,0
38,2,10,9,9924,2,0
38,2,8,3,4198,2,0
36,2,15,1,6815,3,0
29,1,10,10,4723,1,0
35,2,10,5,6142,3,0
39,3,11,7,8237,3,0
29,2,6,6,8853,4,0
50,5,27,1,19331,3,0
23,1,4,2,2073,3,0
36,2,9,3,5562,1,0
42,5,24,1,19613,4,0
35,2,10,10,3407,3,0
34,2,8,8,5063,3,0
40,2,5,5,4639,1,0
43,1,8,6,4876,2,0
35,1,1,1,2690,4,0
46,4,27,26,17567,1,0
28,1,1,1,2408,2,1
22,1,4,4,2814,3,0
50,4,32,30,11245,3,0
32,1,6,3,3312,4,0
44,5,23,22,19049,4,0
30,1,6,6,2141,2,0
45,2,10,10,5769,1,0
45,2,10,10,4385,1,0
31,2,10,5,5332,1,0
36,2,7,3,4663,3,0
34,2,9,9,4724,4,0
49,1,10,9,3211,1,0
39,2,10,7,5377,1,0
27,1,7,7,4066,1,0
35,2,16,16,5208,1,0
28,2,6,5,4877,1,0
21,1,3,2,3117,4,0
18,1,0,0,1569,4,1
47,5,27,5,19658,3,0
39,2,11,10,3069,3,0
40,3,18,18,10435,3,0
35,2,15,14,4148,3,0
37,2,9,4,5768,3,0
39,2,10,9,5042,3,0
45,2,10,10,5770,4,0
38,3,10,5,7756,3,0
35,3,15,13,10306,1,1
37,1,8,8,3936,2,0
40,3,18,4,7945,4,0
44,2,14,10,5743,4,0
48,4,23,2,15202,4,0
35,2,7,2,5440,4,1
24,1,6,6,3760,4,0
27,1,5,3,3517,3,0
27,1,6,4,2580,4,0
40,1,10,4,2166,1,1
29,2,8,5,5869,3,0
36,3,9,3,8008,1,0
25,2,7,7,5206,3,0
39,2,7,5,5295,2,0
49,4,27,4,16413,2,0
50,3,19,14,13269,1,0
20,1,2,2,2783,3,0
34,2,11,11,5433,2,0
36,1,15,4,2013,2,0
49,4,30,15,13966,3,0
36,2,4,3,4374,3,0
36,2,13,5,6842,1,0
54,4,36,10,17426,3,0
43,4,14,14,17603,3,0
35,2,13,11,4581,4,1
38,2,19,13,4735,4,0
29,2,10,10,4187,2,0
33,2,6,6,5505,4,0
32,2,10,9,5470,2,0
31,2,10,10,5476,4,0
49,1,17,2,2587,1,0
38,1,4,4,2440,2,0
47,4,29,3,15972,2,0
49,4,23,8,15379,3,0
41,3,21,2,7082,3,0
20,1,2,2,2728,1,0
33,2,7,6,5368,4,0
36,2,10,3,5347,3,0
44,1,8,2,3195,4,0
23,1,5,5,3989,3,1
38,1,7,0,3306,3,0
53,3,11,4,7005,4,0
48,1,19,9,2655,3,1
32,1,1,1,1393,2,1
26,1,7,7,2570,4,0
55,1,8,4,3537,2,0
34,2,15,15,3986,4,0
60,3,19,1,10883,4,0
33,1,14,14,2028,2,0
37,2,6,6,9525,4,0
34,1,10,10,2929,4,0
23,1,3,3,2275,4,1
44,3,9,8,7879,4,0
35,1,6,5,4930,4,0
43,2,10,10,7847,4,0
24,1,5,5,4401,3,0
41,3,10,10,9241,3,0
29,1,9,5,2974,3,0
36,2,17,13,4502,4,0
45,3,25,23,10748,3,0
24,1,1,1,1555,3,1
47,4,25,23,12936,3,1
26,1,3,3,2305,3,0
45,4,21,21,16704,2,0
32,1,10,5,3433,3,0
31,1,6,5,3477,3,0
41,2,10,3,6430,2,0
40,2,18,1,6516,1,0
24,1,6,6,3907,1,0
46,2,19,10,5562,2,0
35,2,17,7,6883,3,0
30,1,10,10,2862,4,0
47,2,4,1,4978,2,0
46,3,13,10,10368,4,0
36,2,16,2,6134,1,1
32,2,10,0,6735,2,1
23,1,3,3,3295,2,0
31,2,9,5,5238,4,0
39,2,9,9,6472,4,0
32,3,10,4,9610,3,0
40,5,21,21,19833,2,0
45,3,9,5,9756,3,0
30,1,10,9,4968,1,0
24,1,3,2,2145,4,0
30,1,6,4,2180,4,1
31,2,6,5,8346,3,0
27,1,6,6,3445,4,0
29,1,2,2,2760,2,1
29,2,10,3,6294,3,0
30,3,12,7,7140,1,0
34,1,6,5,2932,4,0
33,2,13,11,5147,2,0
49,2,8,5,4507,4,0
33,3,11,0,8564,1,1
38,1,9,6,2468,2,0
31,3,10,1,8161,3,1
29,1,1,1,2109,1,0
30,2,10,7,5294,3,0
32,1,12,7,2718,2,0
38,2,15,1,5811,4,0
43,1,6,1,2437,3,1
42,1,7,5,2766,2,0
55,5,34,1,19038,1,0
33,2,11,9,3055,2,0
41,1,5,5,2289,1,0
34,2,15,15,4001,3,0
53,4,27,3,12965,3,0
43,1,10,9,3539,4,0
34,2,6,2,6029,4,0
21,1,1,1,2679,2,1
38,1,5,5,3702,3,0
22,1,1,1,2398,1,1
31,2,13,12,5468,4,0
51,3,15,2,13116,3,0
37,2,5,5,4189,2,0
46,5,24,2,19328,4,0
36,3,15,12,8321,1,0
44,1,6,5,2342,2,1
37,2,19,10,4071,2,0
35,2,10,10,5813,4,1
33,1,14,10,3143,1,0
28,1,5,5,2044,4,0
39,3,9,4,13464,3,0
46,2,6,2,7991,2,0
40,1,7,4,3377,1,0
42,2,10,0,5538,1,0
35,2,15,7,5762,4,0
38,1,13,11,2592,2,0
34,2,11,7,5346,1,1
37,2,10,10,4213,1,1
39,2,7,2,4127,4,0
43,1,7,3,2438,3,0
41,2,11,3,6870,2,0
41,3,23,22,10447,3,0
30,3,9,7,9667,3,0
26,1,6,5,2148,2,1
46,2,13,9,8926,2,1
40,2,12,5,6513,4,0
34,2,10,10,6799,3,0
58,4,37,16,16291,2,0
35,1,6,5,2705,3,0
47,3,28,22,10333,2,0
40,2,15,7,4448,1,0
54,2,14,7,6854,4,0
31,3,9,3,9637,1,0
28,1,3,3,3591,1,0
38,2,20,4,5405,4,0
26,2,5,5,4684,4,0
58,4,23,2,15787,3,0
18,1,0,0,1514,3,0
31,1,2,1,2956,1,1
29,1,4,2,2335,1,1
45,2,10,8,5154,3,0
36,2,15,1,6962,2,0
43,2,7,7,5675,4,0
27,1,6,5,2379,4,0
29,1,11,11,3812,4,0
32,2,4,0,4648,4,0
42,1,10,6,2936,3,0
47,1,7,2,2105,3,0
46,3,12,9,8578,4,0
28,1,3,3,2706,4,0
29,2,11,7,6384,3,0
42,1,8,0,3968,3,0
32,2,7,2,9907,2,1
46,4,25,19,13225,1,0
27,2,9,9,3540,3,0
29,1,1,1,2804,2,0
43,5,21,16,19392,3,0
48,5,29,22,19665,2,0
29,1,1,1,2439,4,1
46,3,14,8,7314,2,1
27,1,8,7,4774,1,0
39,2,7,2,3902,4,0
55,1,19,5,2662,4,0
28,1,1,1,2856,2,0
30,1,1,1,1081,4,1
22,1,1,1,2472,2,1
36,2,10,10,5673,3,0
31,2,10,10,4197,3,0
34,3,9,5,9713,4,0
29,1,11,3,2062,1,0
37,2,16,5,4284,1,0
35,2,4,3,4788,2,0
45,2,10,9,5906,4,0
36,2,10,10,3886,4,0
40,4,22,19,16823,1,0
26,1,1,1,2933,3,0
27,2,9,8,6500,3,0
48,4,24,22,17174,4,0
44,2,10,2,5033,1,0
34,1,5,5,2307,1,1
56,1,5,4,2587,4,1
36,2,12,4,5507,2,0
41,2,14,5,4393,2,0
42,3,18,13,13348,1,0
31,2,8,5,6583,4,0
34,2,9,4,8103,4,0
31,1,4,2,3978,3,0
26,1,8,7,2544,4,0
45,2,12,4,5399,3,0
33,2,10,10,5487,3,0
28,2,7,7,6834,4,0
29,1,1,1,1091,1,1
39,2,10,3,5736,3,0
27,1,6,5,2226,2,0
34,2,16,15,5747,4,0
28,2,6,2,9854,3,1
47,2,16,8,5467,2,0
56,2,6,0,5380,1,0
39,2,10,10,5151,1,0
38,2,20,20,2133,2,0
58,4,29,1,17875,4,0
32,1,8,4,2432,3,1
38,1,10,5,4771,4,0
49,5,28,5,19161,4,0
42,2,14,0,5087,4,0
27,1,1,1,2863,2,1
35,2,6,5,5561,1,0
28,1,5,5,2144,3,0
31,1,4,4,3065,1,0
36,1,5,5,2810,2,0
34,3,14,14,9888,4,0
34,3,9,8,8628,3,0
26,1,8,7,2867,1,0
29,2,6,5,5373,1,0
32,2,9,5,6667,4,0
31,2,10,10,5003,1,0
28,1,6,4,2367,4,1
38,1,20,1,2858,1,0
35,2,10,10,5204,4,0
27,2,7,7,4105,4,0
32,2,8,1,9679,4,0
31,2,10,10,5617,4,1
53,3,15,2,10448,1,1
54,2,9,4,2897,3,0
33,2,9,9,5968,3,0
43,3,10,10,7510,3,0
38,1,7,6,2991,2,0
55,5,35,10,19636,2,0
31,1,1,1,1129,4,0
39,4,21,20,13341,1,0
42,2,20,20,4332,3,0
31,3,13,11,11031,3,0
54,2,9,5,4440,1,0
24,2,4,4,4617,3,0
23,1,5,5,2647,4,0
40,2,10,10,6323,3,0
40,2,15,11,5677,2,0
25,1,6,2,2187,2,0
30,1,12,12,3748,2,0
25,1,7,2,3977,3,0
47,3,25,17,8633,3,0
33,1,1,1,2008,3,0
38,2,16,15,4440,2,0
31,1,3,2,3067,3,0
38,2,10,8,5321,3,0
42,2,9,4,5410,1,0
41,1,12,5,2782,4,0
47,3,14,13,11957,2,0
35,1,5,2,2660,3,0
22,1,4,3,3375,3,0
35,2,10,10,5098,3,0
33,2,10,9,4878,4,0
32,1,6,6,2837,2,0
40,1,8,1,2406,4,0
32,1,3,2,2269,2,0
39,2,18,7,4108,4,0
38,3,20,18,13206,3,0
32,3,14,14,10422,4,0
37,3,16,16,13744,4,0
25,2,6,5,4907,3,0
52,1,16,9,3482,4,0
44,1,6,4,2436,4,0
21,1,2,2,2380,1,0
39,5,21,6,19431,4,0
23,1,1,1,1790,1,1
36,3,10,9,7644,4,0
36,2,18,4,5131,2,0
56,2,13,13,6306,3,0
29,1,4,2,4787,4,1
42,5,24,22,18880,3,0
56,1,14,10,2339,3,1
41,4,21,20,13570,2,0
34,2,8,8,6712,3,0
36,2,15,15,5406,4,0
41,2,14,5,8938,2,0
32,1,4,4,2439,1,0
35,3,9,9,8837,4,0
38,2,10,10,5343,4,0
50,2,12,6,6728,3,1
36,2,8,6,6652,4,0
45,2,8,5,4850,3,0
40,1,8,2,2809,3,0
35,2,10,10,5689,3,0
40,1,20,5,2001,3,0
35,1,4,4,2977,4,0
29,2,10,4,4025,2,0
29,1,5,5,3785,1,0
50,3,20,3,10854,1,1
39,4,21,20,12031,4,0
31,2,10,9,9936,1,0
26,1,5,4,2966,3,0
36,2,17,5,2571,4,0
39,3,9,7,9991,1,0
27,2,6,6,6142,2,0
49,2,17,9,5390,2,0
34,2,6,4,4404,3,0
